Covariants	Count	Max_count	Freq	Coverage_start	Coverage_end
G22813T(S:K417N) T22882G(S:N440K) T22917G(S:L452R)	857	6631	0.12924144171316543	22805	22920
G22813T(S:K417N) T22882G(S:N440K) A22893C(S:K444T) T22917G(S:L452R)	271	6631	0.04086864726285628	22808	22921
G22813T(S:K417N) T22882G(S:N440K)	216	7032	0.030716723549488054	22801	22885
T22882G(S:N440K) T22917G(S:L452R)	190	8516	0.022310944105213715	22878	22921
G22813T(S:K417N) T22882G(S:N440K) T22917G(S:L452R)	175	6200	0.028225806451612902	22805	22959
G22813T(S:K417N) T22882G(S:N440K) G22898A(S:G446S) T22942G(S:N460K)	99	6330	0.015639810426540283	22806	22944
T22882G(S:N440K) A22910G(S:N450D) T22917G(S:L452R) G22992A(S:S477N) C22995A(S:T478K) A23013C(S:E484A) T23018G(S:F486V)	93	963	0.09657320872274143	22876	23047
T22882G(S:N440K) T22917G(S:L452R) G22992A(S:S477N) C22995A(S:T478K) A23013C(S:E484A) T23018G(S:F486V)	82	963	0.08515057113187954	22878	23038
G22813T(S:K417N) T22882G(S:N440K) A22910G(S:N450D) T22917G(S:L452R)	78	6631	0.01176293168451214	22800	22930
T22942A(S:N460K)	78	9464	0.008241758241758242	22936	22966
G22813T(S:K417N) T22882G(S:N440K) A22893C(S:K444T) T22917G(S:L452R) T22942A(S:N460K)	63	6330	0.00995260663507109	22793	22949
G22813T(S:K417N) T22882G(S:N440K) T22917G(S:L452R) T22942A(S:N460K)	61	6330	0.009636650868878356	22803	22949
T22882G(S:N440K) T22917G(S:L452R)	58	6628	0.008750754375377187	22800	22924
G22813T(S:K417N) T22882G(S:N440K) T22917G(S:L452R)	57	6525	0.008735632183908045	22793	22936
T22882G(S:N440K) G22992A(S:S477N) C22995A(S:T478K) A23013C(S:E484A) T23018G(S:F486V)	55	963	0.05711318795430945	22878	23047
