Covariants	Count	Frequency	Coverage_start	Coverage_end
C21618G(S:T19R)	12	6.153467478924374e-05	21602	21890
A21792C(S:K77T)	76	0.0003897196069985437	21703	22070
G21987A(S:G142D) (22028,6)(S:DEL157/158)	19	9.742990174963592e-05	21891	22064
C22009A(S:N149K)	10	5.1278895657703114e-05	21984	22070
(22028,6)(S:DEL157/158)	51	0.0002615223678542859	21984	22242
A22206G(S:D215G)	25	0.0001281972391442578	22164	22323
T22917G(S:L452R) C22995A(S:T478K)	42	0.00021537136176235307	22876	23168
C22995A(S:T478K)	13	6.666256435501405e-05	22979	23353
A23403G(S:D614G)	129	0.0006614977539843702	23353	23636
A23403G(S:D614G) C23604G(S:P681R)	38	0.00019485980349927184	23353	23636
C23604G(S:P681R)	387	0.0019844932619531106	23539	23809
G23607T(S:R682L)	21	0.00010768568088117654	23539	23723
C25469T(ORF3a:S26L)	188	0.0009640432383648186	25381	25492
